partition,pair_key,distance_bin,distance_bin_nm,distance_mid_nm,near_pair_count,connected_near_pair_count,syn_count_sum,connected_syn_count_sum,fraction_connected,fraction_ci_low,fraction_ci_high
side,center | center,0,0-100,50.0,1364,586,3265.0,3265.0,0.42961876832844575,0.4035818176975954,0.45605105207329033
side,center | center,1,100-200,150.0,261,46,94.0,94.0,0.17624521072796934,0.13481143010922206,0.22707129526322697
side,center | center,2,200-300,250.0,148,28,45.0,45.0,0.1891891891891892,0.1342611766834965,0.259844259507903
side,center | center,7,700-800,750.0,63,4,7.0,7.0,0.06349206349206349,0.024965213900485034,0.15219392053076733
side,center | center,10,1000-1100,1050.0,63,2,2.0,2.0,0.031746031746031744,0.00874934404029698,0.10856681834959193
side,center | center,12,1200-1300,1250.0,76,1,1.0,1.0,0.013157894736842105,0.002326420140567463,0.0708384462949749
side,center | center,14,1400-1500,1450.0,54,1,1.0,1.0,0.018518518518518517,0.0032764033153519848,0.09771665358487208
side,center | left,0,0-100,50.0,39330,18256,126972.0,126972.0,0.4641749300788202,0.45924980877953986,0.4691070491989598
side,center | left,1,100-200,150.0,14318,3779,9369.0,9369.0,0.263933510266797,0.25677779643838605,0.2712158660526165
side,center | left,2,200-300,250.0,8979,1907,4487.0,4487.0,0.2123844526116494,0.2040485594713701,0.2209663489513722
side,center | left,3,300-400,350.0,7712,1421,3151.0,3151.0,0.18425829875518673,0.17576331316140392,0.19306769031590953
side,center | left,4,400-500,450.0,7321,1077,2231.0,2231.0,0.14711105040295042,0.1391820553552655,0.15541019903560077
side,center | left,5,500-600,550.0,6712,825,1654.0,1654.0,0.12291418355184744,0.11527406186689683,0.1309857069757751
side,center | left,6,600-700,650.0,6611,716,1318.0,1318.0,0.10830434124943276,0.10103930120451886,0.11602433944259806
side,center | left,7,700-800,750.0,6284,602,1102.0,1102.0,0.09579885423297263,0.0887668653302337,0.10332474206649209
side,center | left,8,800-900,850.0,6039,469,793.0,793.0,0.07766186454711045,0.07117687150104839,0.08468384144565534
side,center | left,9,900-1000,950.0,5771,392,686.0,686.0,0.0679258360769364,0.061717141081749416,0.0747093887818576
side,center | left,10,1000-1100,1050.0,5632,305,531.0,531.0,0.054154829545454544,0.0485420424053209,0.060375426105504525
side,center | left,11,1100-1200,1150.0,5263,286,482.0,482.0,0.054341630248907466,0.04853576995777519,0.06079761117143894
side,center | left,12,1200-1300,1250.0,5256,227,394.0,394.0,0.043188736681887364,0.03801851321368965,0.04902623733545235
side,center | left,13,1300-1400,1350.0,4969,197,340.0,340.0,0.03964580398470517,0.034566431695159695,0.0454364382937014
side,center | left,14,1400-1500,1450.0,4976,181,302.0,302.0,0.03637459807073955,0.031519989188650954,0.04194451618838753
side,center | left,15,1500-1600,1550.0,4693,157,283.0,283.0,0.03345408054549329,0.028678862826160428,0.038992484659775666
side,center | left,16,1600-1700,1650.0,4667,122,237.0,237.0,0.026140989929290766,0.02193834925553472,0.031123094746334234
side,center | left,17,1700-1800,1750.0,4551,120,239.0,239.0,0.026367831245880026,0.022096956967080836,0.03143763795714221
side,center | left,18,1800-1900,1850.0,4455,112,229.0,229.0,0.025140291806958474,0.02093607261851632,0.03016275986748184
side,center | left,19,1900-2000,1950.0,4272,84,123.0,123.0,0.019662921348314606,0.015910592406612842,0.024278361272120248
side,center | right,0,0-100,50.0,40023,18221,126815.0,126815.0,0.4552632236464033,0.45038880495399847,0.4601462296164034
side,center | right,1,100-200,150.0,14483,3872,10183.0,10183.0,0.2673479251536284,0.2602023223458754,0.2746169166523614
side,center | right,2,200-300,250.0,8973,1827,4320.0,4320.0,0.20361083249749248,0.19540646750188692,0.21206887438227864
side,center | right,3,300-400,350.0,7746,1393,3160.0,3160.0,0.17983475342112057,0.171441375703827,0.1885455432546198
side,center | right,4,400-500,450.0,7412,1091,2344.0,2344.0,0.1471937398812736,0.13931052124412718,0.15544248426774887
side,center | right,5,500-600,550.0,6747,886,1669.0,1669.0,0.13131762264710242,0.12346777072574129,0.1395870756507461
side,center | right,6,600-700,650.0,6590,737,1470.0,1470.0,0.1118361153262519,0.10445170804095343,0.11967281445288384
side,center | right,7,700-800,750.0,6367,560,1142.0,1142.0,0.0879535102874195,0.0812426067735484,0.09516133960615751
side,center | right,8,800-900,850.0,6097,468,863.0,863.0,0.0767590618336887,0.0703401465119998,0.08371099292423798
side,center | right,9,900-1000,950.0,6085,416,828.0,828.0,0.06836483155299918,0.06229220739336947,0.07498211421158081
side,center | right,10,1000-1100,1050.0,5632,309,568.0,568.0,0.054865056818181816,0.049215470823672815,0.06112148399776859
side,center | right,11,1100-1200,1150.0,5644,304,524.0,524.0,0.05386250885896527,0.04827059297365734,0.06006134041484278
side,center | right,12,1200-1300,1250.0,5381,244,483.0,483.0,0.045344731462553425,0.04010242574700521,0.05123574843438574
side,center | right,13,1300-1400,1350.0,5133,201,331.0,331.0,0.03915838690824079,0.03418732202557231,0.044818734925843116
side,center | right,14,1400-1500,1450.0,4985,182,343.0,343.0,0.03650952858575727,0.031649662673047606,0.04208320549418384
side,center | right,15,1500-1600,1550.0,4865,123,245.0,245.0,0.02528263103802672,0.02123176713113358,0.03008261532895713
side,center | right,16,1600-1700,1650.0,4762,133,267.0,267.0,0.027929441411171776,0.02361644710759939,0.03300347916103698
side,center | right,17,1700-1800,1750.0,4566,103,198.0,198.0,0.022558037669732807,0.018635445218600603,0.02728334548959374
side,center | right,18,1800-1900,1850.0,4529,122,256.0,256.0,0.02693751379995584,0.022608170974235273,0.032068701034704994
side,center | right,19,1900-2000,1950.0,4577,100,191.0,191.0,0.021848372296263928,0.017996947205080056,0.02650177547504929
side,left | left,0,0-100,50.0,8228498,3625204,18109475.0,18109475.0,0.44056691755895183,0.4402277297962084,0.4409061608161543
side,left | left,1,100-200,150.0,2956654,667371,1499846.0,1499846.0,0.22571832889475738,0.22524215712022536,0.22619521342032392
side,left | left,2,200-300,250.0,1829263,295367,587450.0,587450.0,0.1614677605133871,0.16093523391277395,0.1620017090010882
side,left | left,3,300-400,350.0,1596498,200587,373075.0,373075.0,0.12564187365095353,0.12512863148246037,0.12615691742611032
side,left | left,4,400-500,450.0,1528536,151523,267257.0,267257.0,0.0991294938424741,0.09865674906328835,0.09960425359581303
side,left | left,5,500-600,550.0,1424431,110578,188397.0,188397.0,0.07762959385186084,0.07719128993194131,0.07807017597799222
side,left | left,6,600-700,650.0,1412214,87465,145215.0,145215.0,0.06193466429308873,0.06153830699244711,0.0623334048971331
side,left | left,7,700-800,750.0,1351722,66627,108694.0,108694.0,0.04929046061246321,0.04892680292670242,0.04965668012801703
side,left | left,8,800-900,850.0,1311038,52285,84141.0,84141.0,0.03988061368167818,0.039547000452047947,0.04021692338456868
side,left | left,9,900-1000,950.0,1278990,41783,66614.0,66614.0,0.03266874643273208,0.03236205827325493,0.032978241954817716
side,left | left,10,1000-1100,1050.0,1223315,33012,52292.0,52292.0,0.026985690521247593,0.026700019578445523,0.027274332286879335
side,left | left,11,1100-1200,1150.0,1202426,26926,42078.0,42078.0,0.022393062026270224,0.02213012041780118,0.02265905541331202
side,left | left,12,1200-1300,1250.0,1162275,22058,34718.0,34718.0,0.018978296874663913,0.018731814761018862,0.019227958763950722
side,left | left,13,1300-1400,1350.0,1135429,17981,28417.0,28417.0,0.01583630504417273,0.015608303440934236,0.016067582866281068
side,left | left,14,1400-1500,1450.0,1114040,15293,23770.0,23770.0,0.013727514272378012,0.013513112175463748,0.013945270033324901
side,left | left,15,1500-1600,1550.0,1081059,12550,19545.0,19545.0,0.011608987113561795,0.011408789210797927,0.011812656050280226
side,left | left,16,1600-1700,1650.0,1069947,11003,17318.0,17318.0,0.010283686948979716,0.01009427411419839,0.010476616383057143
side,left | left,17,1700-1800,1750.0,1044452,9611,15204.0,15204.0,0.009201954709263806,0.009020627693117556,0.009386892121744095
side,left | left,18,1800-1900,1850.0,1029869,8120,12590.0,12590.0,0.00788449793129029,0.007715506223882774,0.008057160986919418
side,left | left,19,1900-2000,1950.0,1019636,7326,11607.0,11607.0,0.007184916970369818,0.007022825905658428,0.007350721500063108
side,left | na,0,0-100,50.0,551,266,1236.0,1236.0,0.4827586206896552,0.44129794658028176,0.5244580457605955
side,left | na,2,200-300,250.0,127,34,52.0,52.0,0.2677165354330709,0.19836232021253514,0.3507107574630665
side,left | na,4,400-500,450.0,128,15,25.0,25.0,0.1171875,0.07231618236850768,0.18436759574098127
side,left | na,9,900-1000,950.0,128,3,7.0,7.0,0.0234375,0.008002271440112167,0.06664488090027204
side,left | na,16,1600-1700,1650.0,113,1,2.0,2.0,0.008849557522123894,0.0015638358136017966,0.04843205606052523
side,left | right,0,0-100,50.0,1473771,756720,5973125.0,5973125.0,0.5134583324003525,0.5126513352432099,0.5142652593954483
side,left | right,1,100-200,150.0,598726,186563,591502.0,591502.0,0.31159996392339734,0.31042800533181353,0.3127743401582263
side,left | right,2,200-300,250.0,397966,97525,265664.0,265664.0,0.24505862309845564,0.24372472445261742,0.24639744363882524
side,left | right,3,300-400,350.0,367338,75684,187839.0,187839.0,0.20603368015288373,0.2047288011533825,0.20734470765433294
side,left | right,4,400-500,450.0,363071,61902,143729.0,143729.0,0.17049557799989534,0.16927578497985055,0.17172234382026955
side,left | right,5,500-600,550.0,345884,49007,107576.0,107576.0,0.14168623006557113,0.14052801780738397,0.14285240154066634
side,left | right,6,600-700,650.0,350361,42206,88973.0,88973.0,0.12046432108596562,0.11939064079079852,0.12154632427253619
side,left | right,7,700-800,750.0,341913,34562,70300.0,70300.0,0.10108419393237461,0.10007825757606355,0.10209909431019117
side,left | right,8,800-900,850.0,336649,28651,57249.0,57249.0,0.08510644617984904,0.08416856001416377,0.08605380118036594
side,left | right,9,900-1000,950.0,333085,24055,46824.0,46824.0,0.07221880300824114,0.07134465187009145,0.07310282156937906
side,left | right,10,1000-1100,1050.0,322496,20162,38478.0,38478.0,0.06251860488192101,0.06168824056768779,0.06335939170376939
side,left | right,11,1100-1200,1150.0,322895,17751,33706.0,33706.0,0.05497452732312361,0.0541936180063008,0.05576602577583408
side,left | right,12,1200-1300,1250.0,313326,14936,28170.0,28170.0,0.047669200768528625,0.046928675801576857,0.0484208173952435
side,left | right,13,1300-1400,1350.0,307981,12778,24076.0,24076.0,0.04148957240868755,0.040790965730426273,0.042199617400922235
side,left | right,14,1400-1500,1450.0,306584,11291,20876.0,20876.0,0.036828405918117056,0.036167497411728776,0.03750092166885357
side,left | right,15,1500-1600,1550.0,298344,9732,17798.0,17798.0,0.03262006274635991,0.031988617951332246,0.03326354373884974
side,left | right,16,1600-1700,1650.0,298130,8625,15979.0,15979.0,0.028930332405326536,0.02833471008717285,0.029538094648456997
side,left | right,17,1700-1800,1750.0,293210,7450,13636.0,13636.0,0.025408410354353535,0.024845002329260964,0.02598425429339092
side,left | right,18,1800-1900,1850.0,290229,6757,12046.0,12046.0,0.023281615551857326,0.02273926621151353,0.02383658483786681
side,left | right,19,1900-2000,1950.0,289674,6030,11050.0,11050.0,0.020816504070092588,0.02030290256347768,0.021342815083984938
side,na | right,0,0-100,50.0,514,261,986.0,986.0,0.5077821011673151,0.46466423457627465,0.5507845049610665
side,na | right,1,100-200,150.0,148,69,125.0,125.0,0.46621621621621623,0.3877181475034963,0.5464237477346994
side,na | right,2,200-300,250.0,125,39,66.0,66.0,0.312,0.2374075954530664,0.39780339230244116
side,na | right,4,400-500,450.0,133,25,38.0,38.0,0.18796992481203006,0.13068596058578308,0.2627733383408591
side,na | right,7,700-800,750.0,121,9,9.0,9.0,0.0743801652892562,0.03962223436060222,0.1353322679847698
side,na | right,12,1200-1300,1250.0,115,3,3.0,3.0,0.02608695652173913,0.008910883301638278,0.07390186913521883
side,na | right,18,1800-1900,1850.0,105,0,0.0,0.0,0.0,0.0,0.035295328256842964
side,right | right,0,0-100,50.0,8820591,3904148,20418486.0,20418486.0,0.4426175071488974,0.44228974033576435,0.44294532394518665
side,right | right,1,100-200,150.0,3086227,694320,1609371.0,1609371.0,0.22497373005938967,0.22450820094432525,0.22543994385487678
side,right | right,2,200-300,250.0,1894371,307222,628443.0,628443.0,0.16217625797692214,0.16165202264839182,0.16270186345000762
side,right | right,3,300-400,350.0,1648877,209278,400289.0,400289.0,0.12692153508114917,0.12641429589681835,0.12743051267882638
side,right | right,4,400-500,450.0,1568952,157136,286272.0,286272.0,0.10015347824535104,0.09968470499570056,0.1006242095493422
side,right | right,5,500-600,550.0,1456409,113898,199592.0,199592.0,0.0782046801413614,0.07776973009989449,0.07864185533335499
side,right | right,6,600-700,650.0,1444603,90933,155418.0,155418.0,0.06294670577314321,0.06255181642973887,0.06334391960219549
side,right | right,7,700-800,750.0,1381097,68749,115130.0,115130.0,0.049778545605413664,0.04941707125393572,0.05014252458318263
side,right | right,8,800-900,850.0,1339062,53912,89570.0,89570.0,0.04026101853386923,0.039929388659177716,0.04059528626730723
side,right | right,9,900-1000,950.0,1307460,43369,71501.0,71501.0,0.03317042203967999,0.03286482361686748,0.033478763746780195
side,right | right,10,1000-1100,1050.0,1248062,33822,54716.0,54716.0,0.02709961524347348,0.026816192962295936,0.027385948739840998
side,right | right,11,1100-1200,1150.0,1229166,28082,45870.0,45870.0,0.022846385272615743,0.022583728618593125,0.023112024481634907
side,right | right,12,1200-1300,1250.0,1185690,22620,36845.0,36845.0,0.019077499177694,0.018832818508260893,0.019325296185956478
side,right | right,13,1300-1400,1350.0,1156778,19006,30365.0,30365.0,0.01643011883006074,0.01620005796856897,0.016663391502092225
side,right | right,14,1400-1500,1450.0,1136173,15908,25299.0,25299.0,0.014001388872997334,0.01378697459896844,0.014219089628841637
side,right | right,15,1500-1600,1550.0,1100996,13346,21483.0,21483.0,0.012121751577662408,0.011919039282056901,0.012327868475173063
side,right | right,16,1600-1700,1650.0,1088415,11430,18551.0,18551.0,0.010501509075123,0.010311718972621186,0.010694754570587276
side,right | right,17,1700-1800,1750.0,1063451,9946,16221.0,16221.0,0.009352570076101296,0.009171388454208484,0.009537296505151052
side,right | right,18,1800-1900,1850.0,1046587,8622,14149.0,14149.0,0.008238206666048785,0.008066826340034972,0.00841319709838148
side,right | right,19,1900-2000,1950.0,1032625,7480,12150.0,12150.0,0.007243675099866845,0.007081935102685389,0.007409081414744412
side,center | center,18,1800-1900,1850.0,57,1,2.0,2.0,0.017543859649122806,0.003103584706680089,0.09290966938262721
side,left | na,13,1300-1400,1350.0,120,3,4.0,4.0,0.025,0.00853802009878548,0.07093123740434756
side,left | na,18,1800-1900,1850.0,120,2,2.0,2.0,0.016666666666666666,0.004582468541151397,0.058737126812913806
side,left | na,19,1900-2000,1950.0,110,0,0.0,0.0,0.0,0.0,0.03374513358912735
side,na | right,5,500-600,550.0,130,19,40.0,40.0,0.14615384615384616,0.09560570341282686,0.21701458803616952
side,na | right,9,900-1000,950.0,110,6,9.0,9.0,0.05454545454545454,0.025235483062071407,0.11391927231733298
side,na | right,15,1500-1600,1550.0,113,1,1.0,1.0,0.008849557522123894,0.0015638358136017966,0.04843205606052523
side,na | right,16,1600-1700,1650.0,111,3,4.0,4.0,0.02702702702702703,0.00923347121399111,0.07646369775613819
side,center | center,3,300-400,350.0,118,13,23.0,23.0,0.11016949152542373,0.06552230309963664,0.1793989717358875
side,center | center,4,400-500,450.0,98,13,24.0,24.0,0.1326530612244898,0.07918911601863514,0.21383063229639532
side,center | center,5,500-600,550.0,83,8,14.0,14.0,0.0963855421686747,0.04965214649257531,0.17882821315072928
side,center | center,6,600-700,650.0,86,11,24.0,24.0,0.12790697674418605,0.07294546819879527,0.21468965851310656
side,center | center,15,1500-1600,1550.0,28,3,3.0,3.0,0.10714285714285714,0.03711769205479949,0.2719622536765708
side,center | center,17,1700-1800,1750.0,53,2,3.0,3.0,0.03773584905660377,0.010410068833819265,0.12754523150959116
side,left | na,1,100-200,150.0,136,57,109.0,109.0,0.41911764705882354,0.33952885974887803,0.5031502857986557
side,left | na,3,300-400,350.0,110,26,42.0,42.0,0.23636363636363636,0.16671070835585766,0.3238094529911368
side,left | na,5,500-600,550.0,133,16,22.0,22.0,0.12030075187969924,0.07542116562091343,0.18649918608500055
side,left | na,7,700-800,750.0,107,6,10.0,10.0,0.056074766355140186,0.02595000878932941,0.11697106055647577
side,left | na,8,800-900,850.0,115,11,11.0,11.0,0.09565217391304348,0.054251959476217054,0.16319378342862434
side,left | na,11,1100-1200,1150.0,109,7,8.0,8.0,0.06422018348623854,0.03145324596985614,0.12665865602373488
side,left | na,14,1400-1500,1450.0,107,5,8.0,8.0,0.04672897196261682,0.020122360456377365,0.10475494192828685
side,na | right,6,600-700,650.0,106,9,10.0,10.0,0.08490566037735849,0.04531104510353617,0.1535352936242318
side,na | right,10,1000-1100,1050.0,96,2,4.0,4.0,0.020833333333333332,0.005731849710137293,0.07280855829614466
side,na | right,17,1700-1800,1750.0,100,2,2.0,2.0,0.02,0.005501852234968178,0.07001316294199367
side,na | right,14,1400-1500,1450.0,112,5,5.0,5.0,0.044642857142857144,0.019216974525702958,0.1002703253734697
side,na | right,19,1900-2000,1950.0,125,0,0.0,0.0,0.0,0.0,0.0298164567965626
side,center | center,16,1600-1700,1650.0,64,1,1.0,1.0,0.015625,0.0027634707504014047,0.08334298900290629
side,center | center,19,1900-2000,1950.0,46,0,0.0,0.0,0.0,0.0,0.07707617732978073
side,left | na,17,1700-1800,1750.0,116,2,2.0,2.0,0.017241379310344827,0.004740913854513688,0.06069212442267886
side,left | na,12,1200-1300,1250.0,109,1,1.0,1.0,0.009174311926605505,0.0016212895577145392,0.050146852687698494
side,left | na,10,1000-1100,1050.0,121,1,1.0,1.0,0.008264462809917356,0.001460335796523226,0.04533175914618817
side,left | na,6,600-700,650.0,101,11,12.0,12.0,0.10891089108910891,0.06191064333684265,0.1845716690277149
side,na | right,3,300-400,350.0,113,23,37.0,37.0,0.20353982300884957,0.1396323173788541,0.2869417795181416
side,na | right,8,800-900,850.0,124,11,12.0,12.0,0.08870967741935484,0.05025570175545942,0.151881943580644
side,center | center,9,900-1000,950.0,46,1,1.0,1.0,0.021739130434782608,0.0038477551112426345,0.11335554494333024
side,center | center,13,1300-1400,1350.0,56,4,5.0,5.0,0.07142857142857142,0.028125581246379636,0.16975682831486205
side,na | right,13,1300-1400,1350.0,97,3,4.0,4.0,0.030927835051546393,0.010573153364052894,0.08702149011641547
side,center | center,11,1100-1200,1150.0,45,2,7.0,7.0,0.044444444444444446,0.012273869040444335,0.14827779183880616
side,left | na,15,1500-1600,1550.0,131,0,0.0,0.0,0.0,0.0,0.02848972423940386
side,na | right,11,1100-1200,1150.0,104,4,4.0,4.0,0.038461538461538464,0.015056569723581409,0.09474892277652985
side,center | center,8,800-900,850.0,55,4,4.0,4.0,0.07272727272727272,0.028643596503688543,0.17260178091636796
